"vmname","Guest IP","Datacenter","PowerState","OS","Version","Folder","ToolsStatus","VMHost","Cluster","NumCpu","MemMB","DiskGB","Notes"
"ACMWin8x86","10.107.122.90","XADC NonProd","PoweredOn","Microsoft Windows 7 (32-bit)","v8","Corporate - o4\Corporate - o4.m6\Unidentified Shared Services - o4.m6.p69\","toolsOld","mxavhes0009.active.tan","CorporateCluster","4","2008","40",
"active3ie10","10.107.122.148","XADC NonProd","PoweredOn","Microsoft Windows 7 (64-bit)","v8","Corporate - o4\Platform Services - o4.m7\A3 Core - o4.m7.p152\","toolsOld","mxavhes0004.active.tan","CorporateCluster","4","8192","40",
"active3ie11","10.107.122.149 fe80::2c6c:fa61:9fc5:d017","XADC NonProd","PoweredOn","Microsoft Windows 8 (64-bit)","v8","Corporate - o4\Platform Services - o4.m7\A3 Core - o4.m7.p152\","toolsOk","mxavhes0008.active.tan","CorporateCluster","4","8192","30",""
"active3ie8","10.107.122.146","XADC NonProd","PoweredOn","Microsoft Windows 7 (64-bit)","v8","Corporate - o4\Platform Services - o4.m7\A3 Core - o4.m7.p152\","toolsOld","mxavhes0009.active.tan","CorporateCluster","4","8192","50",
"active3ie9","10.107.122.147","XADC NonProd","PoweredOn","Microsoft Windows 7 (64-bit)","v8","Corporate - o4\Platform Services - o4.m7\A3 Core - o4.m7.p152\","toolsOld","mxavhes0011.active.tan","CorporateCluster","2","2048","50",
"activenet","10.107.122.157 fe80::ad2b:b57d:184:cfff","XADC NonProd","PoweredOff","Microsoft Windows Server 2012 (64-bit)","v9","Communities - o2\Community - o2.m4\ActiveNet - o2.m4.p32\ActiveNet ACM\","toolsNotRunning","mxavhes0006.active.tan","CorporateCluster","1","768","40",""
"ActiveNet2k8_1","10.107.122.124","XADC NonProd","PoweredOn","Microsoft Windows Server 2008 R2 (64-bit)","v8","Corporate - o4\Corporate - o4.m6\Activenetwork.com - o4.m6.p49\","toolsOld","mxavhes0005.active.tan","CorporateCluster","2","2120","121",
"ActiveNet2k8_2","10.107.122.125","XADC NonProd","PoweredOn","Microsoft Windows Server 2008 R2 (64-bit)","v8","Corporate - o4\Corporate - o4.m6\Activenetwork.com - o4.m6.p49\","toolsOld","mxavhes0009.active.tan","CorporateCluster","2","2004","120",
"ActiveNet2k8_3","10.107.122.126","XADC NonProd","PoweredOn","Microsoft Windows Server 2008 R2 (64-bit)","v8","Corporate - o4\Corporate - o4.m6\Activenetwork.com - o4.m6.p49\","toolsOld","mxavhes0003.active.tan","CorporateCluster","2","2004","120",
"ActiveNet-test1","10.107.122.157 fe80::e4ad:b0d0:ec14:a752","XADC NonProd","PoweredOn","Microsoft Windows Server 2012 (64-bit)","v9","Communities - o2\Community - o2.m4\ActiveNet - o2.m4.p32\ActiveNet ACM\","toolsOk","mxavhes0010.active.tan","CorporateCluster","1","768","40",""
"ActiveNet-test-new","10.107.122.158 fe80::3489:6c34:8cfe:a0bd","XADC NonProd","PoweredOn","Microsoft Windows Server 2012 (64-bit)","v9","Communities - o2\Community - o2.m4\ActiveNet - o2.m4.p32\ActiveNet ACM\","toolsOk","mxavhes0009.active.tan","CorporateCluster","1","768","40",
"ActiveNet-Vms","169.254.121.41 fe80::904f:e08c:72ed:7929 10.107.122.157","XADC NonProd","PoweredOn","Microsoft Windows Server 2012 (64-bit)","v9","Communities - o2\Community - o2.m4\ActiveNet - o2.m4.p32\ActiveNet ACM\","toolsOk","mxavhes0004.active.tan","CorporateCluster","1","768","40",
"ActiveXpeHR","10.107.123.235 fe80::250:56ff:fe94:7533","XADC NonProd","PoweredOn","CentOS 4/5/6/7 (64-bit)","v8","Corporate - o4\Corporate - o4.m6\HR Systems - o4.m6.p158\","toolsOld","mxavhes0009.active.tan","CorporateCluster","2","2048","40",
"AM-DEV-01","","XADC NonProd","PoweredOn","CentOS 4/5/6/7 (64-bit)","v8","Outdoors - o1\Campgrounds - o1.m1\AWO - o1.m1.p1\","toolsNotInstalled","mxavhes0004.active.tan","CorporateCluster","1","1012","80",
"AM-PROD-01","10.107.123.31 fe80::250:56ff:fea8:9660","XADC NonProd","PoweredOn","CentOS 4/5/6/7 (64-bit)","v8","Outdoors - o1\Campgrounds - o1.m1\AWO - o1.m1.p1\","toolsOld","mxavhes0005.active.tan","CorporateCluster","1","4080","40",
"AM-TMPS","10.107.123.33 fe80::250:56ff:fea6:3064","XADC NonProd","PoweredOn","CentOS 4/5/6/7 (64-bit)","v8","Outdoors - o1\Campgrounds - o1.m1\AWO - o1.m1.p1\","toolsOld","mxavhes0009.active.tan","CorporateCluster","4","3972","40",
"AN-Deploy1","10.107.123.53","XADC NonProd","PoweredOn","Microsoft Windows Server 2008 R2 (64-bit)","v8","Corporate - o4\Corporate - o4.m6\Activenetwork.com - o4.m6.p49\","toolsOld","mxavhes0004.active.tan","CorporateCluster","4","4080","120",
"AN-Deploy2","10.107.123.54","XADC NonProd","PoweredOn","Microsoft Windows Server 2008 R2 (64-bit)","v8","Communities - o2\Community - o2.m4\ActiveNet - o2.m4.p32\","toolsOld","mxavhes0005.active.tan","CorporateCluster","4","4080","120",
"AN-TestWin7x64","10.107.122.101","XADC NonProd","PoweredOn","Microsoft Windows 7 (64-bit)","v8","Corporate - o4\Corporate - o4.m6\Activenetwork.com - o4.m6.p49\","toolsOld","mxavhes0006.active.tan","CorporateCluster","2","2048","50",""
"AN-Win7x86","10.107.122.91","XADC NonProd","PoweredOn","Microsoft Windows 7 (32-bit)","v8","Corporate - o4\Corporate - o4.m6\Activenetwork.com - o4.m6.p49\","toolsOld","mxavhes0005.active.tan","CorporateCluster","1","1024","30",""
"ANWIN81-32b","10.107.122.74 fe80::c056:8ef7:95ac:9b0d","XADC NonProd","PoweredOn","Microsoft Windows 8 (32-bit)","v8","Corporate - o4\Platform Services - o4.m7\QA Testing - o4.m7.p167\","toolsOld","mxavhes0005.active.tan","CorporateCluster","1","4096","60",
"ANWIN81-64b","","XADC NonProd","PoweredOn",,"v8","Corporate - o4\Platform Services - o4.m7\QA Testing - o4.m7.p167\","toolsNotRunning","mxavhes0002.active.tan","CorporateCluster","1","4096","60",""
"ANWIN8Pro","10.107.122.73","XADC NonProd","PoweredOn","Microsoft Windows 7 (64-bit)","v8","Corporate - o4\Platform Services - o4.m7\QA Testing - o4.m7.p167\","toolsOld","mxavhes0010.active.tan","CorporateCluster","1","4096","60",""
"automation_testing_ci","10.107.123.56 fe80::250:56ff:fe94:41c5","XADC NonProd","PoweredOn","Ubuntu Linux (64-bit)","v8","Corporate - o4\Platform Services - o4.m7\QA Testing - o4.m7.p167\","toolsOld","mxavhes0008.active.tan","CorporateCluster","2","4096","60",""
"AWCent","10.107.122.129 fe80::250:56ff:fe86:4199","XADC NonProd","PoweredOn","CentOS 4/5/6/7 (64-bit)","v8","Outdoors - o1\Hunting and Fishing - o1.m2\ActiveWorks Outdoors - o1.m2.p148\","toolsOld","mxavhes0003.active.tan","CorporateCluster","1","960","20",
"AWCTest01.dev.activenetwork.com","10.107.122.69","XADC NonProd","PoweredOn","Microsoft Windows 7 (64-bit)","v8","Corporate - o4\Platform Services - o4.m7\QA Testing - o4.m7.p167\","toolsOld","mxavhes0011.active.tan","CorporateCluster","1","4096","60",
"AWDBServer","10.107.122.72","XADC NonProd","PoweredOn","Microsoft Windows Server 2003 Standard (32-bit)","v8","Corporate - o4\Platform Services - o4.m7\Shared Database Services - o4.m7.p162\","toolsOld","mxavhes0001.active.tan","CorporateCluster","4","4080","319.53",
"AWO-DB-01","10.107.122.42 fe80::250:56ff:fea8:9651","XADC NonProd","PoweredOn","Oracle Linux 4/5/6/7 (64-bit)","v8","Outdoors - o1\Campgrounds - o1.m1\AWO - o1.m1.p1\","toolsOld","mxavhes0009.active.tan","CorporateCluster","8","16880","30",
"AWO-testing-01w","10.107.122.79 fe80::ac4a:3ebc:4236:7ec2 169.254.126.194 fe80::b5a8:43a6:7c94:daa5","XADC NonProd","PoweredOn","Microsoft Windows 7 (32-bit)","v8","Outdoors - o1\Campgrounds - o1.m1\AWO - o1.m1.p1\","toolsOld","mxavhes0004.active.tan","CorporateCluster","4","4096","40","Owern:vivian zhang
Usage:QA "
"AWO-testing-02w","10.107.122.166","XADC NonProd","PoweredOn","Microsoft Windows 7 (32-bit)","v8","Outdoors - o1\Campgrounds - o1.m1\AWO - o1.m1.p1\","toolsOld","mxavhes0010.active.tan","CorporateCluster","1","4096","30","Phoebe Chen   AWO automation "
"awoxadevutility01","10.107.122.13","XADC NonProd","PoweredOn","Microsoft Windows Server 2008 R2 (64-bit)","v8","Outdoors - o1\Campgrounds - o1.m1\AWO - o1.m1.p1\","toolsOk","mxavhes0002.active.tan","CorporateCluster","8","8192","40",
"awswimnprod01.active.local","10.107.123.234","XADC NonProd","PoweredOn","Microsoft Windows 7 (32-bit)","v8","Sports - o6\Team Sports - o6.m21\AW Swimming - o6.m21.p128\","toolsOld","mxavhes0006.active.tan","CorporateCluster","2","4096","40",""
"AWWin7x86","169.254.223.83 10.107.122.130","XADC NonProd","PoweredOn","Microsoft Windows 7 (32-bit)","v8","Outdoors - o1\Hunting and Fishing - o1.m2\ActiveWorks Outdoors - o1.m2.p148\","toolsOld","mxavhes0011.active.tan","CorporateCluster","2","1024","30",
"AWWin8x86","10.107.122.131","XADC NonProd","PoweredOn","Microsoft Windows 8 (32-bit)","v8","Outdoors - o1\Hunting and Fishing - o1.m2\ActiveWorks Outdoors - o1.m2.p148\","toolsOld","mxavhes0008.active.tan","CorporateCluster","2","2008","40",""
"AWWinxp","10.107.122.127","XADC NonProd","PoweredOn","Microsoft Windows XP Professional (32-bit)","v8","Outdoors - o1\Hunting and Fishing - o1.m2\ActiveWorks Outdoors - o1.m2.p148\","toolsOld","mxavhes0004.active.tan","CorporateCluster","2","984","15",
"BlueBeartest1","10.107.123.225","XADC NonProd","PoweredOn","Microsoft Windows 7 (32-bit)","v8","Incubator - o5\Educate K-12 - o5.m8\BlueBear Webstore - o5.m8.p74\","toolsOld","mxavhes0011.active.tan","CorporateCluster","1","1024","30",""
"BlueBeartest2","10.107.123.226","XADC NonProd","PoweredOn","Microsoft Windows 7 (32-bit)","v8","Incubator - o5\Educate K-12 - o5.m8\BlueBear Webstore - o5.m8.p74\","toolsOld","mxavhes0001.active.tan","CorporateCluster","1","1024","30",
"BlueBeartest3","10.107.123.236","XADC NonProd","PoweredOn","Microsoft Windows 7 (32-bit)","v8","Incubator - o5\Educate K-12 - o5.m8\BlueBear Webstore - o5.m8.p74\","toolsOld","mxavhes0003.active.tan","CorporateCluster","1","1024","30",
"BluebearWin8.1Test","10.107.123.58 fe80::a892:ece4:d7f1:aee5","XADC NonProd","PoweredOn","Microsoft Windows 8 (64-bit)","v8","Incubator - o5\Educate K-12 - o5.m8\BlueBear Webstore - o5.m8.p74\","toolsOk","mxavhes0011.active.tan","CorporateCluster","1","2048","30",
"Bluebearwin8test","10.107.123.196 fe80::953c:c7cf:b31e:7647","XADC NonProd","PoweredOn","Microsoft Windows 8 (64-bit)","v8","Incubator - o5\Educate K-12 - o5.m8\BlueBear Webstore - o5.m8.p74\","toolsOk","mxavhes0001.active.tan","CorporateCluster","4","4096","32",
"BMS01","10.107.122.59 fe80::250:56ff:fea8:9656","XADC NonProd","PoweredOn","Ubuntu Linux (64-bit)","v8","Corporate - o4\Corporate - o4.m6\HR Systems - o4.m6.p158\","toolsOld","mxavhes0003.active.tan","CorporateCluster","2","4096","40",""
"BSGBMS","10.107.122.78 fe80::250:56ff:fe94:7cb7","XADC NonProd","PoweredOn","Ubuntu Linux (64-bit)","v8","Corporate - o4\Corporate - o4.m6\HR Systems - o4.m6.p158\","toolsOld","mxavhes0011.active.tan","CorporateCluster","2","4096","40",
"CallMgtBak","10.107.100.109 fe80::250:56ff:fea6:303c","XADC NonProd","PoweredOn","Oracle Linux 4/5/6/7 (64-bit)","v8","Corporate - o4\Corporate - o4.m6\Call Center Terminal Servers - o4.m6.p53\","toolsOld","mxavhes0006.active.tan","CorporateCluster","1","2000","119.53",""
"cdvctest01","10.107.122.26 fe80::e962:31c3:a3f3:6af0","XADC NonProd","PoweredOn","Microsoft Windows 8 (64-bit)","v8","Corporate - o4\Platform Services - o4.m7\QA Testing - o4.m7.p167\","toolsOld","mxavhes0009.active.tan","CorporateCluster","2","4096","60",
"Cent","10.107.100.26 fe80::250:56ff:fea8:9654","XADC NonProd","PoweredOn","CentOS 4/5/6/7 (64-bit)","v8","Corporate - o4\Corporate - o4.m6\Infrastructure Shared Services - o4.m6.p61\","toolsOld","mxavhes0011.active.tan","CorporateCluster","2","2120","100",
"Centostest001","10.107.122.50 fe80::250:56ff:fea8:5750","XADC NonProd","PoweredOn","CentOS 4/5/6/7 (64-bit)","v8","Corporate - o4\Corporate - o4.m6\Unidentified Shared Services - o4.m6.p69\","toolsOld","mxavhes0011.active.tan","CorporateCluster","2","4096","40",
"Chargeback_1","","XADC NonProd","PoweredOn","CentOS 4/5/6/7 (64-bit)","v8","Corporate - o4\Corporate - o4.m6\SOI Infrastructure - o4.m6.p67\ChargeBack\","toolsOld","mxavhes0003.active.tan","CorporateCluster","1","2004","20",
"Chargeback_2","10.107.122.52 fe80::250:56ff:fea8:5754","XADC NonProd","PoweredOn","CentOS 4/5/6/7 (64-bit)","v8","Corporate - o4\Corporate - o4.m6\SOI Infrastructure - o4.m6.p67\ChargeBack\","toolsOld","mxavhes0005.active.tan","CorporateCluster","1","2004","20",
"Chargeback_3","10.107.122.53 fe80::250:56ff:fea6:305e","XADC NonProd","PoweredOn","CentOS 4/5/6/7 (64-bit)","v8","Corporate - o4\Corporate - o4.m6\SOI Infrastructure - o4.m6.p67\ChargeBack\","toolsOld","mxavhes0001.active.tan","CorporateCluster","1","2004","20",
"Chargeback_4","10.107.122.54 fe80::250:56ff:fea6:305d","XADC NonProd","PoweredOn","CentOS 4/5/6/7 (64-bit)","v8","Corporate - o4\Corporate - o4.m6\SOI Infrastructure - o4.m6.p67\ChargeBack\","toolsOld","mxavhes0005.active.tan","CorporateCluster","1","2004","20",
"Chargeback_5","10.107.122.55 fe80::250:56ff:fea6:305f","XADC NonProd","PoweredOn","CentOS 4/5/6/7 (64-bit)","v8","Corporate - o4\Corporate - o4.m6\SOI Infrastructure - o4.m6.p67\ChargeBack\","toolsOld","mxavhes0003.active.tan","CorporateCluster","1","2004","30",
"Chargeback_6","10.107.122.56 fe80::250:56ff:fea6:3060","XADC NonProd","PoweredOn","CentOS 4/5/6/7 (64-bit)","v8","Corporate - o4\Corporate - o4.m6\SOI Infrastructure - o4.m6.p67\ChargeBack\","toolsOld","mxavhes0006.active.tan","CorporateCluster","1","2004","20",""
"Chargeback_7","10.107.122.57 fe80::250:56ff:fea6:3068","XADC NonProd","PoweredOn","CentOS 4/5/6/7 (64-bit)","v8","Corporate - o4\Corporate - o4.m6\SOI Infrastructure - o4.m6.p67\ChargeBack\","toolsOld","mxavhes0011.active.tan","CorporateCluster","1","2004","20",
"Chargeback_8","","XADC NonProd","PoweredOn",,"v8","Corporate - o4\Corporate - o4.m6\SOI Infrastructure - o4.m6.p67\ChargeBack\","toolsNotInstalled","mxavhes0008.active.tan","CorporateCluster","2","2708","120",""
"chef301.dev.activenetwork.com","10.107.100.57 fe80::250:56ff:fe94:4390","XADC NonProd","PoweredOn","CentOS 4/5/6/7 (64-bit)","v8","Corporate - o4\Corporate - o4.m6\SOI Infrastructure - o4.m6.p67\","toolsOk","mxavhes0005.active.tan","CorporateCluster","2","4096","16",
"chef-test-centos","","XADC NonProd","PoweredOn",,"v8","Corporate - o4\Corporate - o4.m6\Unidentified Shared Services - o4.m6.p69\MobileView\","toolsNotInstalled","mxavhes0001.active.tan","CorporateCluster","1","1024","32",
"chef-test-debian","10.107.123.85 fe80::250:56ff:fe86:3936","XADC NonProd","PoweredOn","Debian GNU/Linux 6 (64-bit)","v8","Corporate - o4\Corporate - o4.m6\Unidentified Shared Services - o4.m6.p69\MobileView\","toolsOld","mxavhes0004.active.tan","CorporateCluster","1","1024","16",
"Class Build Machine","10.107.100.22","XADC NonProd","PoweredOn","Microsoft Windows Server 2003 (32-bit)","v8","Communities - o2\Community - o2.m4\Class Environments - o2.m4.p35\Class\","toolsOld","mxavhes0011.active.tan","CorporateCluster","4","4076","300",
"Class_Win8x86","10.107.122.92","XADC NonProd","PoweredOn","Microsoft Windows 7 (32-bit)","v8","Communities - o2\Community - o2.m4\Class Environments - o2.m4.p35\Class\","toolsOld","mxavhes0004.active.tan","CorporateCluster","4","2008","40",
"clijump","10.107.122.35 fe80::bcb6:a0ea:913e:f229","XADC NonProd","PoweredOn","Microsoft Windows 8 (32-bit)","v8","Corporate - o4\Platform Services - o4.m7\QA Testing - o4.m7.p167\","toolsOk","mxavhes0008.active.tan","CorporateCluster","2","4096","16",""
"CNDHCP","10.107.100.21","XADC NonProd","PoweredOn","Microsoft Windows Server 2008 (32-bit)","v7","Corporate - o4\Corporate - o4.m6\Infrastructure Shared Services - o4.m6.p61\","toolsOk","mxavhes0003.active.tan","CorporateCluster","1","1388","30",
"cnsftp.dev.activenetwork.com","10.107.122.245 fe80::250:56ff:fe94:3f3c","XADC NonProd","PoweredOn","Ubuntu Linux (64-bit)","v8","Corporate - o4\Corporate - o4.m6\Infrastructure Shared Services - o4.m6.p61\","toolsOld","mxavhes0006.active.tan","CorporateCluster","2","2048","16","cli created for file transfer."
"Dashboard","10.107.100.142 fe80::250:56ff:fe86:4ca2","XADC NonProd","PoweredOn","Other 2.6.x Linux (64-bit)","v8","Corporate - o4\Corporate - o4.m6\Infrastructure Shared Services - o4.m6.p61\","toolsOld","mxavhes0011.active.tan","CorporateCluster","2","4032","100",
"Dashboard_Dev","10.107.100.183 fe80::250:56ff:fe86:2574","XADC NonProd","PoweredOn","Other 2.6.x Linux (64-bit)","v8","Corporate - o4\Corporate - o4.m6\Infrastructure Shared Services - o4.m6.p61\","toolsOld","mxavhes0011.active.tan","CorporateCluster","2","4032","100",
"David","10.107.123.190 fe80::250:56ff:fe86:6680","XADC NonProd","PoweredOn","Oracle Linux 4/5/6/7 (64-bit)","v8","Corporate - o4\Corporate - o4.m6\Unidentified Shared Services - o4.m6.p69\","toolsOld","mxavhes0004.active.tan","CorporateCluster","1","2000","19.53",
"dbdevactv02","10.107.122.150","XADC NonProd","PoweredOn","Microsoft Windows Server 2008 R2 (64-bit)","v8","Corporate - o4\Platform Services - o4.m7\Shared Database Services - o4.m7.p162\","toolsOld","mxavhes0010.active.tan","CorporateCluster","2","16384","340",""
"DBDEVAW02.dev.activenetwork.com","10.107.122.159","XADC NonProd","PoweredOn","Microsoft Windows Server 2012 (64-bit)","v8","Corporate - o4\Platform Services - o4.m7\AW Platform - o4.m7.p159\INT\","toolsOk","mxavhes0007.active.tan","CorporateCluster","2","8192","100","INC2251736  Platform Order Management Service(OMS)
owner: David Jin"
"DEVbroswertest01","10.107.123.227","XADC NonProd","PoweredOn","Microsoft Windows 7 (64-bit)","v8","Corporate - o4\Platform Services - o4.m7\QA Testing - o4.m7.p167\","toolsOld","mxavhes0009.active.tan","CorporateCluster","2","2048","50",
"DEVbroswertest02","10.107.123.228","XADC NonProd","PoweredOn","Microsoft Windows 7 (64-bit)","v8","Corporate - o4\Platform Services - o4.m7\QA Testing - o4.m7.p167\","toolsOld","mxavhes0010.active.tan","CorporateCluster","2","2048","50",""
"DEVbroswertest03","10.107.123.229","XADC NonProd","PoweredOn","Microsoft Windows 7 (64-bit)","v8","Corporate - o4\Platform Services - o4.m7\QA Testing - o4.m7.p167\","toolsOld","mxavhes0009.active.tan","CorporateCluster","2","2048","50",
"DevDC","10.107.100.46","XADC NonProd","PoweredOn","Microsoft Windows Server 2008 R2 (64-bit)","v7","Corporate - o4\Corporate - o4.m6\Infrastructure Shared Services - o4.m6.p61\","toolsOk","mxavhes0011.active.tan","CorporateCluster","2","1988","40",""
"DEVreport01","10.107.122.23 fe80::250:56ff:fe94:5697","XADC NonProd","PoweredOn","Ubuntu Linux (64-bit)","v8","Corporate - o4\Corporate - o4.m6\Infrastructure Shared Services - o4.m6.p61\","toolsOld","mxavhes0006.active.tan","CorporateCluster","2","2048","100","INC2186930 
Eric Yang request for Utilization Report which is an internal tools, maintained by dev/test tools team.
"
"devwsdbpc01int","10.107.123.61","XADC NonProd","PoweredOn","Microsoft Windows Server 2008 R2 (64-bit)","v8","Business Solutions - o7\Lite Registration - o7.m14\Plancast - o7.m14.p88\","toolsOld","mxavhes0002.active.tan","CorporateCluster","8","8012","280",
"devwsdbpc01qa","10.107.123.62","XADC NonProd","PoweredOn","Microsoft Windows Server 2008 R2 (64-bit)","v8","Business Solutions - o7\Lite Registration - o7.m14\Plancast - o7.m14.p88\","toolsOld","mxavhes0011.active.tan","CorporateCluster","4","3972","280",
"DylanVCTest","10.107.123.197","XADC NonProd","PoweredOff","Microsoft Windows Server 2008 R2 (64-bit)","v8","Corporate - o4\Corporate - o4.m6\SOI Infrastructure - o4.m6.p67\SOI test\","toolsNotRunning","mxavhes0007.active.tan","CorporateCluster","8","32768","280",
"dylan-win7","10.107.122.67","XADC NonProd","PoweredOn","Microsoft Windows 7 (64-bit)","v8","Corporate - o4\Corporate - o4.m6\SOI Infrastructure - o4.m6.p67\SOI test\","toolsOk","mxavhes0008.active.tan","CorporateCluster","2","8192","80",""
"eteamz_dev1","10.107.122.105 fe80::1936:eda8:1eb:e1be 169.254.225.190","XADC NonProd","PoweredOn","Microsoft Windows 7 (64-bit)","v8","Incubator - o5\Golf - o5.m12\Golf - OpenCourse - o5.m12.p86\","toolsOld","mxavhes0010.active.tan","CorporateCluster","2","4096","70",""
"expensereport.dev.activenetwork.com","10.107.123.173 fe80::250:56ff:fe86:3d52","XADC NonProd","PoweredOn","Debian GNU/Linux 6 (64-bit)","v8","Corporate - o4\Corporate - o4.m6\Unidentified Shared Services - o4.m6.p69\CIC\","toolsOld","mxavhes0006.active.tan","CorporateCluster","1","2048","16",""
"Finance UF server","10.107.100.147","XADC NonProd","PoweredOn","Microsoft Windows Server 2008 R2 (64-bit)","v8","Corporate - o4\Corporate - o4.m6\HR Systems - o4.m6.p158\","toolsOld","mxavhes0003.active.tan","CorporateCluster","4","4096","220.1",
"GEN_Behrman_Fairway Test Server1(XP) _ 122.113","10.107.122.113","XADC NonProd","PoweredOn","Microsoft Windows XP Professional (32-bit)","v8","Incubator - o5\Golf - o5.m12\Golf - Fairway - o5.m12.p82\","toolsOld","mxavhes0008.active.tan","CorporateCluster","1","2048","79.99",""
"GEN_Behrman_GolfWin7x86_122.121","10.107.122.121","XADC NonProd","PoweredOn","Microsoft Windows 7 (32-bit)","v8","Incubator - o5\Golf - o5.m12\Golf - Gen - o5.m12.p83\","toolsOld","mxavhes0004.active.tan","CorporateCluster","2","1952","30",
"Gen_Daniel_Dev  Server 01 (XP)_122.114","10.107.122.114","XADC NonProd","PoweredOn","Microsoft Windows XP Professional (32-bit)","v8","Incubator - o5\Golf - o5.m12\Golf - Gen - o5.m12.p83\","toolsOld","mxavhes0003.active.tan","CorporateCluster","1","2048","80",
"GEN_Daniel_GolfWin7x64_112.119","10.107.122.119","XADC NonProd","PoweredOn","Microsoft Windows 7 (64-bit)","v8","Incubator - o5\Golf - o5.m12\Golf - Gen - o5.m12.p83\","toolsOld","mxavhes0002.active.tan","CorporateCluster","2","3864","50",""
"Gen_Daniel_IIS Server(2003)-trunc_122.115","10.107.122.115","XADC NonProd","PoweredOn","Microsoft Windows Server 2003 (32-bit)","v8","Incubator - o5\Golf - o5.m12\Golf - Gen - o5.m12.p83\","toolsOld","mxavhes0009.active.tan","CorporateCluster","2","2048","80",
"GEN_Daniel_Windows Vista x64 _122.118","10.107.122.118","XADC NonProd","PoweredOn","Microsoft Windows Vista (64-bit)","v8","Incubator - o5\Golf - o5.m12\Golf - Gen - o5.m12.p83\","toolsOld","mxavhes0002.active.tan","CorporateCluster","2","4080","80",
"GEN_David_GolfWinXP_122.120","10.107.122.120","XADC NonProd","PoweredOn","Microsoft Windows XP Professional (32-bit)","v8","Incubator - o5\Golf - o5.m12\Golf - Gen - o5.m12.p83\","toolsOld","mxavhes0005.active.tan","CorporateCluster","2","1900","60",
"GEN_George_JencessTestServer_122.122","10.107.122.122","XADC NonProd","PoweredOn","Microsoft Windows XP Professional (32-bit)","v8","Incubator - o5\Golf - o5.m12\Golf - Jencess - o5.m12.p84\","toolsOld","mxavhes0003.active.tan","CorporateCluster","2","2004","80",
"GolfOC03","10.107.122.137","XADC NonProd","PoweredOn","Microsoft Windows Server 2008 R2 (64-bit)","v9","Incubator - o5\Golf - o5.m12\Golf - OpenCourse - o5.m12.p86\","toolsOld","mxavhes0009.active.tan","CorporateCluster","4","4000","120",
"GolfOCTEST04","10.107.122.60","XADC NonProd","PoweredOn","Microsoft Windows Server 2008 R2 (64-bit)","v8","Corporate - o4\Platform Services - o4.m7\QA Testing - o4.m7.p167\","toolsOld","mxavhes0001.active.tan","CorporateCluster","2","4000","120",""
"GolfOCTEST05","10.107.122.61","XADC NonProd","PoweredOn","Microsoft Windows Server 2008 R2 (64-bit)","v8","Incubator - o5\Golf - o5.m12\Golf - OpenCourse - o5.m12.p86\","toolsOld","mxavhes0010.active.tan","CorporateCluster","4","4000","120",""
"GolfOCTEST06","10.107.122.140","XADC NonProd","PoweredOn","Microsoft Windows Server 2008 R2 (64-bit)","v8","Incubator - o5\Golf - o5.m12\Golf - OpenCourse - o5.m12.p86\","toolsOld","mxavhes0010.active.tan","CorporateCluster","4","8192","100",""
"Golfwin2003","10.107.100.71","XADC NonProd","PoweredOn","Microsoft Windows Server 2003 Standard (64-bit)","v8","Incubator - o5\Golf - o5.m12\Golf - OpenCourse - o5.m12.p86\","toolsOld","mxavhes0011.active.tan","CorporateCluster","2","2048","30",
"hackthongrade","10.107.123.20 fe80::250:56ff:fe94:6ad8","XADC NonProd","PoweredOn","Oracle Linux 4/5/6/7 (64-bit)","v8","Corporate - o4\Corporate - o4.m6\Unidentified Shared Services - o4.m6.p69\","toolsOk","mxavhes0009.active.tan","CorporateCluster","4","8192","120",
"hackthonsvn","10.107.123.19 fe80::250:56ff:fe94:7063","XADC NonProd","PoweredOn","Oracle Linux 4/5/6/7 (64-bit)","v8","Corporate - o4\Corporate - o4.m6\Unidentified Shared Services - o4.m6.p69\","toolsOk","mxavhes0008.active.tan","CorporateCluster","4","8192","120",""
"HPsecritycenter","","XADC NonProd","PoweredOn",,"v8","Corporate - o4\Corporate - o4.m6\Infrastructure Security Services - o4.m6.p157\","toolsNotRunning","mxavhes0011.active.tan","CorporateCluster","2","4096","100",
"InstallShield01","10.107.123.23","XADC NonProd","PoweredOn","Microsoft Windows 7 (64-bit)","v8","Incubator - o5\Educate K-12 - o5.m8\BlueBear Webstore - o5.m8.p74\","toolsOld","mxavhes0010.active.tan","CorporateCluster","4","8192","50",""
"InstallShield02","10.107.123.24","XADC NonProd","PoweredOn","Microsoft Windows 7 (64-bit)","v8","Incubator - o5\Educate K-12 - o5.m8\BlueBear Webstore - o5.m8.p74\","toolsOld","mxavhes0007.active.tan","CorporateCluster","4","8192","50",""
"int-backupdashboard-db","10.107.123.18 fe80::250:56ff:fe94:5eb9","XADC NonProd","PoweredOn","Debian GNU/Linux 6 (64-bit)","v8","Corporate - o4\Corporate - o4.m6\Unidentified Shared Services - o4.m6.p69\","toolsOld","mxavhes0008.active.tan","CorporateCluster","1","2048","16",""
"int-backupdashboard-web","10.107.123.17 fe80::250:56ff:fe94:6f7e","XADC NonProd","PoweredOn","Debian GNU/Linux 6 (64-bit)","v8","Corporate - o4\Corporate - o4.m6\Unidentified Shared Services - o4.m6.p69\","toolsOld","mxavhes0008.active.tan","CorporateCluster","1","2048","16",""
"int-gtodashboard-db-01","10.107.123.77 fe80::250:56ff:fe86:5f88","XADC NonProd","PoweredOn","Debian GNU/Linux 6 (64-bit)","v8","Corporate - o4\Corporate - o4.m6\Unidentified Shared Services - o4.m6.p69\GTODashboard\","toolsOld","mxavhes0001.active.tan","CorporateCluster","1","2048","16",
"int-gtodashboard-web-01","10.107.123.76 fe80::250:56ff:fe86:6786","XADC NonProd","PoweredOn","Debian GNU/Linux 6 (64-bit)","v8","Corporate - o4\Corporate - o4.m6\Unidentified Shared Services - o4.m6.p69\GTODashboard\","toolsOld","mxavhes0011.active.tan","CorporateCluster","1","2048","16",
"int-viewmobile-app-01","10.107.123.36 fe80::250:56ff:fe86:7a2b","XADC NonProd","PoweredOn","Debian GNU/Linux 6 (64-bit)","v8","Corporate - o4\Corporate - o4.m6\Unidentified Shared Services - o4.m6.p69\MobileView\","toolsOld","mxavhes0003.active.tan","CorporateCluster","4","4096","16",""
"int-viewmobile-app-02","10.107.123.164 fe80::250:56ff:fe86:7af3","XADC NonProd","PoweredOn","Debian GNU/Linux 6 (64-bit)","v8","Corporate - o4\Corporate - o4.m6\Unidentified Shared Services - o4.m6.p69\MobileView\","toolsOld","mxavhes0004.active.tan","CorporateCluster","4","4096","16",""
"int-viewmobile-app-03","10.107.123.165 fe80::250:56ff:fe86:5bee","XADC NonProd","PoweredOn","Debian GNU/Linux 6 (64-bit)","v8","Corporate - o4\Corporate - o4.m6\Unidentified Shared Services - o4.m6.p69\MobileView\","toolsOld","mxavhes0009.active.tan","CorporateCluster","4","4096","16",""
"int-viewmobile-cms-01","10.107.123.40 fe80::250:56ff:fe86:5de6","XADC NonProd","PoweredOff","Debian GNU/Linux 6 (64-bit)","v8","Corporate - o4\Corporate - o4.m6\Unidentified Shared Services - o4.m6.p69\MobileView\","toolsNotRunning","mxavhes0008.active.tan","CorporateCluster","4","4096","16",""
"int-viewmobile-db-01","10.107.123.35 fe80::250:56ff:fe86:4300","XADC NonProd","PoweredOn","Debian GNU/Linux 6 (64-bit)","v8","Corporate - o4\Corporate - o4.m6\Unidentified Shared Services - o4.m6.p69\MobileView\","toolsOld","mxavhes0011.active.tan","CorporateCluster","4","4096","16",
"int-viewmobile-memcached-02","10.107.123.45 fe80::250:56ff:fe86:2025","XADC NonProd","PoweredOn","Debian GNU/Linux 6 (64-bit)","v8","Corporate - o4\Corporate - o4.m6\Unidentified Shared Services - o4.m6.p69\MobileView\","toolsOld","mxavhes0008.active.tan","CorporateCluster","2","4096","16",""
"int-viewmobile-web-01","","XADC NonProd","PoweredOff",,"v8","Sports - o6\Discovered virtual machine\","toolsNotRunning","mxavhes0001.active.tan","CorporateCluster","4","4096","16",
"int-viewnoc-db-01","10.107.123.71 fe80::250:56ff:fe86:3d8d","XADC NonProd","PoweredOn","Debian GNU/Linux 6 (64-bit)","v8","Corporate - o4\Corporate - o4.m6\Unidentified Shared Services - o4.m6.p69\ViewNoc\","toolsOld","mxavhes0011.active.tan","CorporateCluster","1","2048","16",
"int-viewnoc-web-01","10.107.123.70 fe80::250:56ff:fe86:2224","XADC NonProd","PoweredOn","Debian GNU/Linux 6 (64-bit)","v8","Corporate - o4\Corporate - o4.m6\Unidentified Shared Services - o4.m6.p69\ViewNoc\","toolsOld","mxavhes0006.active.tan","CorporateCluster","1","2048","16",""
"johntest","10.107.123.199","XADC NonProd","PoweredOn","Microsoft Windows 7 (64-bit)","v9","Corporate - o4\Corporate - o4.m6\SOI Infrastructure - o4.m6.p67\SOI test\","toolsOk","mxavhes0004.active.tan","CorporateCluster","8","4096","100",
"LiteRegDB","","XADC NonProd","PoweredOff",,"v8","Business Solutions - o7\SMB Events - o7.m19\LiteReg-Wannado - o7.m19.p117\","toolsNotInstalled","mxavhes0010.active.tan","CorporateCluster","4","4000","29.3",""
"LS00070005_HR PTO","10.107.100.106 fe80::250:56ff:feb2:32","XADC NonProd","PoweredOn","Other 2.6.x Linux (64-bit)","v7","Corporate - o4\Corporate - o4.m6\HR Systems - o4.m6.p158\","toolsOld","mxavhes0006.active.tan","CorporateCluster","1","1008","20",""
"LVASSONARDB01","10.107.122.20 fe80::250:56ff:fe94:4cf2","XADC NonProd","PoweredOn","Oracle Linux 4/5/6/7 (64-bit)","v8","Corporate - o4\Platform Services - o4.m7\A3 Asset Service - o4.m7.p154\","toolsOk","mxavhes0010.active.tan","CorporateCluster","2","8192","100",""
"Mary-Test","10.107.122.210","XADC NonProd","PoweredOn","Microsoft Windows 7 (64-bit)","v8","Corporate - o4\Corporate - o4.m6\SOI Infrastructure - o4.m6.p67\2BDeleted\","toolsOld","mxavhes0004.active.tan","CorporateCluster","2","2048","50",""
"Mobile-1","10.107.123.63 fe80::250:56ff:fe86:7f80 192.168.122.1","XADC NonProd","PoweredOn","Oracle Linux 4/5/6/7 (64-bit)","v8","Corporate - o4\Corporate - o4.m6\Unidentified Shared Services - o4.m6.p69\Mobile\","toolsOld","mxavhes0010.active.tan","CorporateCluster","2","4080","54.53",""
"Mobile-2","10.107.123.64 fe80::250:56ff:fe86:61dd","XADC NonProd","PoweredOn","Oracle Linux 4/5/6/7 (64-bit)","v8","Corporate - o4\Corporate - o4.m6\Unidentified Shared Services - o4.m6.p69\Mobile\","toolsOld","mxavhes0004.active.tan","CorporateCluster","2","4080","54.53",
"Mobile-3","10.107.123.65 fe80::250:56ff:fe86:76e5 192.168.122.1","XADC NonProd","PoweredOn","Red Hat Enterprise Linux 6 (64-bit)","v8","Corporate - o4\Corporate - o4.m6\Unidentified Shared Services - o4.m6.p69\Mobile\","toolsOld","mxavhes0010.active.tan","CorporateCluster","2","4080","54.53",""
"MSIE7","192.168.76.1 10.107.122.240","XADC NonProd","PoweredOn","Microsoft Windows 7 (64-bit)","v8","Corporate - o4\Platform Services - o4.m7\QA Testing - o4.m7.p167\","toolsOld","mxavhes0007.active.tan","CorporateCluster","4","4096","120",
"MSIE7_01","192.168.41.1 10.107.122.241 fe80::6c9d:babc:8966:7de1 192.168.49.1 192.168.137.1 169.254.225.64 fe80::183e:aeef:3352:d938","XADC NonProd","PoweredOn","Microsoft Windows 7 (64-bit)","v8","Incubator - o5\Golf - o5.m12\Golf - Jencess - o5.m12.p84\","toolsOld","mxavhes0010.active.tan","CorporateCluster","4","4096","120",""
"mxocrpoc0001.dev.activenetwork.com","10.107.123.87 fe80::250:56ff:fe94:28f1","XADC NonProd","PoweredOn","SUSE Linux Enterprise 11 (64-bit)","v7","Corporate - o4\Corporate - o4.m6\SOI Infrastructure - o4.m6.p67\","toolsOk","mxavhes0010.active.tan","CorporateCluster","2","4096","12","Automate tasks for VMware vSphere and enable orchestration between multiple solutions. VMware vCenter Orchestrator allows administrators to capture their best practices and turn them into automated workflows."
"mxvcws0001.active.tan","10.107.100.50","XADC NonProd","PoweredOn","Microsoft Windows Server 2008 R2 (64-bit)","v8","Corporate - o4\Corporate - o4.m6\SOI Infrastructure - o4.m6.p67\","toolsOld","mxavhes0006.active.tan","CorporateCluster","2","6144","120",""
"mxvcws0003.active.tan","10.107.100.49","XADC NonProd","PoweredOn","Microsoft Windows Server 2008 R2 (64-bit)","v8","Corporate - o4\Corporate - o4.m6\SOI Infrastructure - o4.m6.p67\","toolsOld","mxavhes0006.active.tan","CorporateCluster","2","4000","200",""
"NAW2K8R2","","XADC NonProd","PoweredOff",,"v8","Sports - o6\Discovered virtual machine\","toolsNotRunning","mxavhes0003.active.tan","CorporateCluster","1","2048","16","soi sandbox template"
"Network Connector","10.107.100.155","XADC NonProd","PoweredOn","Microsoft Windows Server 2008 (32-bit)","v8","Corporate - o4\Corporate - o4.m6\Network Infrastructure Services - o4.m6.p65\","toolsOld","mxavhes0005.active.tan","CorporateCluster","1","1024","30",
"openphoto","10.107.123.91 fe80::250:56ff:fea6:4372","XADC NonProd","PoweredOn","Ubuntu Linux (64-bit)","v8","Corporate - o4\Corporate - o4.m6\Infrastructure Shared Services - o4.m6.p61\","toolsOld","mxavhes0011.active.tan","CorporateCluster","4","2008","15",
"Oracle_1","10.107.122.81 fe80::250:56ff:fea6:300f","XADC NonProd","PoweredOn","Oracle Linux 4/5/6/7 (64-bit)","v8","Corporate - o4\Corporate - o4.m6\SOI Infrastructure - o4.m6.p67\ChargeBack\","toolsOld","mxavhes0008.active.tan","CorporateCluster","1","4000","39.06","ChargeBack,health check,avaya DEV DB"
"OurPhoto","10.107.123.92 fe80::250:56ff:fea6:3022","XADC NonProd","PoweredOn","Ubuntu Linux (64-bit)","v8","Corporate - o4\Corporate - o4.m6\Infrastructure Shared Services - o4.m6.p61\","toolsOld","mxavhes0009.active.tan","CorporateCluster","4","2008","115",
"PC-DEV-01","10.107.123.11 fe80::250:56ff:fea8:9655","XADC NonProd","PoweredOn","Ubuntu Linux (64-bit)","v8","Business Solutions - o7\Lite Registration - o7.m14\Plancast - o7.m14.p88\","toolsOld","mxavhes0003.active.tan","CorporateCluster","4","2008","170",
"PC-QA-01","10.107.123.12 fe80::250:56ff:fea8:9657","XADC NonProd","PoweredOn","Ubuntu Linux (64-bit)","v8","Business Solutions - o7\Lite Registration - o7.m14\Plancast - o7.m14.p88\","toolsOld","mxavhes0011.active.tan","CorporateCluster","4","2008","40",
"qa-activerun-01.dev.activenetwork.com","","XADC NonProd","PoweredOn","Ubuntu Linux (64-bit)","v8","Corporate - o4\Corporate - o4.m6\Unidentified Shared Services - o4.m6.p69\CIC\","toolsNotInstalled","mxavhes0003.active.tan","CorporateCluster","2","2008","15","INC2162962"
"QAbroswertest01","10.107.123.230","XADC NonProd","PoweredOn","Microsoft Windows 7 (64-bit)","v8","Corporate - o4\Platform Services - o4.m7\QA Testing - o4.m7.p167\","toolsOld","mxavhes0010.active.tan","CorporateCluster","2","4096","50",""
"QAbroswertest02","10.107.123.231","XADC NonProd","PoweredOn","Microsoft Windows 7 (64-bit)","v8","Corporate - o4\Platform Services - o4.m7\QA Testing - o4.m7.p167\","toolsOld","mxavhes0003.active.tan","CorporateCluster","2","4096","50",
"QAbroswertest03","10.107.123.232","XADC NonProd","PoweredOn","Microsoft Windows 7 (64-bit)","v8","Corporate - o4\Platform Services - o4.m7\QA Testing - o4.m7.p167\","toolsOld","mxavhes0011.active.tan","CorporateCluster","2","4096","50",
"qalatest-gtodashboard-db-01","10.107.123.79 fe80::250:56ff:fe86:1437","XADC NonProd","PoweredOn","Debian GNU/Linux 6 (64-bit)","v8","Corporate - o4\Corporate - o4.m6\Unidentified Shared Services - o4.m6.p69\GTODashboard\","toolsOld","mxavhes0004.active.tan","CorporateCluster","1","2048","16",
"qalatest-gtodashboard-web-01","10.107.123.78 fe80::250:56ff:fe86:6ea6","XADC NonProd","PoweredOn","Debian GNU/Linux 6 (64-bit)","v8","Corporate - o4\Corporate - o4.m6\Unidentified Shared Services - o4.m6.p69\GTODashboard\","toolsOld","mxavhes0005.active.tan","CorporateCluster","1","2048","16",
"qalatest-viewmobile-app-01","10.107.123.39 fe80::250:56ff:fe86:36af","XADC NonProd","PoweredOn","Debian GNU/Linux 6 (64-bit)","v8","Corporate - o4\Corporate - o4.m6\Unidentified Shared Services - o4.m6.p69\MobileView\","toolsOld","mxavhes0011.active.tan","CorporateCluster","4","4096","16",
"qalatest-viewmobile-app-02","10.107.123.166 fe80::250:56ff:fe86:72fe","XADC NonProd","PoweredOn","Debian GNU/Linux 6 (64-bit)","v8","Corporate - o4\Corporate - o4.m6\Unidentified Shared Services - o4.m6.p69\MobileView\","toolsOld","mxavhes0004.active.tan","CorporateCluster","4","4096","16",""
"qalatest-viewmobile-app-03","10.107.123.167 fe80::250:56ff:fe86:373d","XADC NonProd","PoweredOn","Debian GNU/Linux 6 (64-bit)","v8","Corporate - o4\Corporate - o4.m6\Unidentified Shared Services - o4.m6.p69\MobileView\","toolsOld","mxavhes0009.active.tan","CorporateCluster","4","4096","16",""
"qalatest-viewmobile-cms-01","","XADC NonProd","PoweredOn",,"v8","Corporate - o4\Corporate - o4.m6\Unidentified Shared Services - o4.m6.p69\MobileView\","toolsNotInstalled","mxavhes0007.active.tan","CorporateCluster","4","4096","16",""
"qalatest-viewmobile-db-01","10.107.123.38 fe80::250:56ff:fe86:7a0c","XADC NonProd","PoweredOn","Debian GNU/Linux 6 (64-bit)","v8","Corporate - o4\Corporate - o4.m6\Unidentified Shared Services - o4.m6.p69\MobileView\","toolsOld","mxavhes0005.active.tan","CorporateCluster","4","4096","16",
"qalatest-viewmobile-memcached-01","10.107.123.47 fe80::250:56ff:fe86:63b","XADC NonProd","PoweredOn","Debian GNU/Linux 6 (64-bit)","v8","Corporate - o4\Corporate - o4.m6\Unidentified Shared Services - o4.m6.p69\MobileView\","toolsOld","mxavhes0008.active.tan","CorporateCluster","2","4096","16",""
"qalatest-viewmobile-memcached-02","10.107.123.48 fe80::250:56ff:fe86:7358","XADC NonProd","PoweredOn","Debian GNU/Linux 6 (64-bit)","v8","Corporate - o4\Corporate - o4.m6\Unidentified Shared Services - o4.m6.p69\MobileView\","toolsOld","mxavhes0008.active.tan","CorporateCluster","2","4096","16",""
"qalatest-viewmobile-web-01","10.107.123.37 fe80::250:56ff:fe86:54e3","XADC NonProd","PoweredOn","Debian GNU/Linux 6 (64-bit)","v8","Corporate - o4\Corporate - o4.m6\Unidentified Shared Services - o4.m6.p69\MobileView\","toolsOld","mxavhes0008.active.tan","CorporateCluster","4","4096","16",""
"qalatest-viewnoc-db-01","10.107.123.73 fe80::250:56ff:fe86:5b88","XADC NonProd","PoweredOn","Debian GNU/Linux 6 (64-bit)","v8","Corporate - o4\Corporate - o4.m6\Unidentified Shared Services - o4.m6.p69\ViewNoc\","toolsOld","mxavhes0011.active.tan","CorporateCluster","1","2048","16",
"qalatest-viewnoc-web-01","10.107.123.72 fe80::250:56ff:fe86:262d","XADC NonProd","PoweredOn","Debian GNU/Linux 6 (64-bit)","v8","Corporate - o4\Corporate - o4.m6\Unidentified Shared Services - o4.m6.p69\ViewNoc\","toolsOld","mxavhes0008.active.tan","CorporateCluster","1","2048","16",""
"qa-LeagueOne-01w","","XADC NonProd","PoweredOn",,"v8","Sports - o6\Team Sports - o6.m21\League One - o6.m21.p137\QA\","toolsNotInstalled","mxavhes0008.active.tan","CorporateCluster","4","4096","32",""
"qa-LeagueOne-02w","","XADC NonProd","PoweredOn",,"v8","Sports - o6\Team Sports - o6.m21\League One - o6.m21.p137\QA\","toolsNotInstalled","mxavhes0002.active.tan","CorporateCluster","4","4096","30",""
"qa-LeagueOne-win7X64","10.107.100.169","XADC NonProd","PoweredOn","Microsoft Windows 7 (64-bit)","v8","Sports - o6\Team Sports - o6.m21\League One - o6.m21.p137\","toolsOk","mxavhes0009.active.tan","CorporateCluster","4","8192","160",
"qa-mobview-app-011","","XADC NonProd","PoweredOff",,"v8","Sports - o6\Discovered virtual machine\","toolsNotRunning","mxavhes0003.active.tan","CorporateCluster","4","4080","50",
"qa-mobview-db-01","10.107.123.161 fe80::250:56ff:fe86:c2e 192.168.122.1","XADC NonProd","PoweredOn","Red Hat Enterprise Linux 6 (64-bit)","v8","Corporate - o4\Corporate - o4.m6\Unidentified Shared Services - o4.m6.p69\MobileView\","toolsOld","mxavhes0008.active.tan","CorporateCluster","4","4080","50",""
"qa-mobview-web-01","10.107.123.115 fe80::250:56ff:fea6:305b","XADC NonProd","PoweredOn","Oracle Linux 4/5/6/7 (64-bit)","v8","Corporate - o4\Corporate - o4.m6\Unidentified Shared Services - o4.m6.p69\MobileView\","toolsOld","mxavhes0004.active.tan","CorporateCluster","2","2000","59.53",
"qastable-gtodashboard-db-01","","XADC NonProd","PoweredOn",,"v8","Corporate - o4\Corporate - o4.m6\Unidentified Shared Services - o4.m6.p69\GTODashboard\","toolsNotInstalled","mxavhes0005.active.tan","CorporateCluster","1","2048","16",""
"qastable-gtodashboard-web-01","10.107.123.80 fe80::250:56ff:fe86:69a7","XADC NonProd","PoweredOn","Debian GNU/Linux 6 (64-bit)","v8","Corporate - o4\Corporate - o4.m6\Unidentified Shared Services - o4.m6.p69\GTODashboard\","toolsOld","mxavhes0001.active.tan","CorporateCluster","1","2048","16",""
"qastable-viewmobile-app-01","10.107.123.43 fe80::250:56ff:fe86:7cdd","XADC NonProd","PoweredOn","Debian GNU/Linux 6 (64-bit)","v8","Corporate - o4\Corporate - o4.m6\Unidentified Shared Services - o4.m6.p69\MobileView\","toolsOld","mxavhes0002.active.tan","CorporateCluster","4","4096","16",""
"qastable-viewmobile-db-01","10.107.123.42 fe80::250:56ff:fe86:5336","XADC NonProd","PoweredOn","Debian GNU/Linux 6 (64-bit)","v8","Corporate - o4\Corporate - o4.m6\Unidentified Shared Services - o4.m6.p69\MobileView\","toolsOld","mxavhes0008.active.tan","CorporateCluster","4","4096","16",""
"qastable-viewmobile-memcached-01","10.107.123.49 fe80::250:56ff:fe86:3a95","XADC NonProd","PoweredOn","Debian GNU/Linux 6 (64-bit)","v8","Corporate - o4\Corporate - o4.m6\Unidentified Shared Services - o4.m6.p69\MobileView\","toolsOld","mxavhes0011.active.tan","CorporateCluster","2","4096","16",
"qastable-viewmobile-memcached-02","10.107.123.50 fe80::250:56ff:fe86:51b5","XADC NonProd","PoweredOn","Debian GNU/Linux 6 (64-bit)","v8","Corporate - o4\Corporate - o4.m6\Unidentified Shared Services - o4.m6.p69\MobileView\","toolsOld","mxavhes0003.active.tan","CorporateCluster","2","4096","16",
"qastable-viewmobile-web-01","10.107.123.41 fe80::250:56ff:fe86:7b7d","XADC NonProd","PoweredOn","Debian GNU/Linux 6 (64-bit)","v8","Corporate - o4\Corporate - o4.m6\Unidentified Shared Services - o4.m6.p69\MobileView\","toolsOld","mxavhes0010.active.tan","CorporateCluster","4","4096","16",""
"qastable-viewnoc-db-01","","XADC NonProd","PoweredOn",,"v8","Corporate - o4\Corporate - o4.m6\Unidentified Shared Services - o4.m6.p69\","toolsNotInstalled","mxavhes0006.active.tan","CorporateCluster","1","2048","16",""
"qastable-viewnoc-web-01","10.107.123.74 fe80::250:56ff:fe86:4d6","XADC NonProd","PoweredOn","Debian GNU/Linux 6 (64-bit)","v8","Corporate - o4\Corporate - o4.m6\Unidentified Shared Services - o4.m6.p69\ViewNoc\","toolsOld","mxavhes0010.active.tan","CorporateCluster","1","2048","16",""
"QuickTest01","10.107.122.170","XADC NonProd","PoweredOn","Microsoft Windows 7 (64-bit)","v8","Corporate - o4\Platform Services - o4.m7\QA Testing - o4.m7.p167\","toolsOld","mxavhes0009.active.tan","CorporateCluster","1","2048","50",""
"QuickTest02","10.107.122.171","XADC NonProd","PoweredOn","Microsoft Windows 7 (64-bit)","v8","Corporate - o4\Platform Services - o4.m7\QA Testing - o4.m7.p167\","toolsOld","mxavhes0010.active.tan","CorporateCluster","1","2048","50",""
"QuickTest03","10.107.122.172","XADC NonProd","PoweredOn","Microsoft Windows 7 (64-bit)","v8","Corporate - o4\Platform Services - o4.m7\QA Testing - o4.m7.p167\","toolsOld","mxavhes0003.active.tan","CorporateCluster","1","2048","50",""
"QuickTest04","10.107.122.173","XADC NonProd","PoweredOn","Microsoft Windows 7 (64-bit)","v8","Corporate - o4\Platform Services - o4.m7\QA Testing - o4.m7.p167\","toolsOld","mxavhes0004.active.tan","CorporateCluster","1","2048","50",""
"QuickTest05","10.107.122.174","XADC NonProd","PoweredOn","Microsoft Windows 7 (64-bit)","v8","Corporate - o4\Platform Services - o4.m7\QA Testing - o4.m7.p167\","toolsOld","mxavhes0001.active.tan","CorporateCluster","1","2048","50",""
"QuickTest06","10.107.122.175","XADC NonProd","PoweredOn","Microsoft Windows 7 (64-bit)","v8","Corporate - o4\Platform Services - o4.m7\QA Testing - o4.m7.p167\","toolsOld","mxavhes0011.active.tan","CorporateCluster","1","2048","50",""
"RAQAAUTOMATION","10.107.122.138 fe80::cc73:1d13:42d7:a597 169.254.165.151","XADC NonProd","PoweredOn","Microsoft Windows 7 (32-bit)","v8","Outdoors - o1\Campgrounds - o1.m1\AWO - o1.m1.p1\","toolsOk","mxavhes0001.active.tan","CorporateCluster","4","4096","40","owner: Francis Zhang

Used to run regression cases and as a Develop Enviroment to script automation cases"
"RAQATEST01","10.107.122.141 fe80::2857:589:9bfa:a13d 169.254.161.61 fe80::3561:e37c:1b16:6a3f","XADC NonProd","PoweredOn","Microsoft Windows 7 (32-bit)","v8","Outdoors - o1\Campgrounds - o1.m1\AWO - o1.m1.p1\","toolsOld","mxavhes0006.active.tan","CorporateCluster","2","2048","40",""
"RAQATEST02","10.107.122.142 fe80::c937:da5a:741f:d74c 169.254.215.76 fe80::ade9:cf9c:afe3:369d","XADC NonProd","PoweredOn","Microsoft Windows 7 (32-bit)","v8","Outdoors - o1\Campgrounds - o1.m1\AWO - o1.m1.p1\","toolsOld","mxavhes0008.active.tan","CorporateCluster","2","2048","40",""
"RAQATEST03","10.107.122.143 fe80::dc50:d783:c014:6cd4 169.254.108.212 fe80::c122:a9c7:ff08:2e5e","XADC NonProd","PoweredOn","Microsoft Windows 7 (32-bit)","v8","Outdoors - o1\Campgrounds - o1.m1\AWO - o1.m1.p1\","toolsOld","mxavhes0008.active.tan","CorporateCluster","4","8192","40",""
"RAQATEST04","10.107.122.144 fe80::25f0:69fb:d5d0:2c5d 169.254.44.93 fe80::e471:4bdd:fc57:7ef4","XADC NonProd","PoweredOn","Microsoft Windows 7 (32-bit)","v8","Outdoors - o1\Campgrounds - o1.m1\AWO - o1.m1.p1\","toolsOld","mxavhes0003.active.tan","CorporateCluster","4","8192","40",""
"RAQATEST05","10.107.122.145 fe80::10dc:d2b6:a761:6e77 169.254.110.119 fe80::fd2c:b039:6aab:8f6b","XADC NonProd","PoweredOn","Microsoft Windows 7 (32-bit)","v8","Outdoors - o1\Campgrounds - o1.m1\AWO - o1.m1.p1\","toolsOld","mxavhes0007.active.tan","CorporateCluster","4","8192","40",
"RAQATEST06","10.107.122.155 fe80::5d67:3259:22b9:6e11 169.254.110.17 fe80::add7:cbeb:eb3:5c1","XADC NonProd","PoweredOn","Microsoft Windows 7 (32-bit)","v8","Outdoors - o1\Campgrounds - o1.m1\AWO - o1.m1.p1\","toolsOld","mxavhes0004.active.tan","CorporateCluster","2","4096","40",
"RAQATESTautomation","10.107.122.156 fe80::8852:cf9d:c8ac:7f89 169.254.127.137","XADC NonProd","PoweredOn","Microsoft Windows 7 (32-bit)","v8","Outdoors - o1\Campgrounds - o1.m1\AWO - o1.m1.p1\","toolsOk","mxavhes0004.active.tan","CorporateCluster","2","2048","40","owner: Francis Zhang

Used to run regression cases and as a Develop Enviroment to script automation cases"
"RTP-DB","10.107.123.120 fe80::89c1:51f4:156f:7256","XADC NonProd","PoweredOn","Microsoft Windows Server 2008 R2 (64-bit)","v8","Communities - o2\Resorts - o2.m17\RTP - Development - o2.m17.p112\","toolsOld","mxavhes0009.active.tan","CorporateCluster","4","4000","320","Chris Zhang"
"rwdevbuild001.active.local","0.0.0.0 10.107.122.76","XADC NonProd","PoweredOn","Microsoft Windows XP Professional (32-bit)","v9","Outdoors - o1\Hunting and Fishing - o1.m2\ActiveWorks Outdoors - o1.m2.p148\","toolsOk","mxavhes0002.active.tan","CorporateCluster","2","4096","100",""
"rwdevweb001.active.local","10.107.122.226 10.107.122.232 10.107.122.230 10.107.122.236 10.107.122.235 10.107.122.233 10.107.122.234","XADC NonProd","PoweredOn","Microsoft Windows Server 2003 (32-bit)","v9","Outdoors - o1\Hunting and Fishing - o1.m2\ActiveWorks Outdoors - o1.m2.p148\","toolsOld","mxavhes0007.active.tan","CorporateCluster","4","4096","120",""
"rwdevweb002.active.local","10.107.122.34","XADC NonProd","PoweredOn","Microsoft Windows 7 (64-bit)","v8","Corporate - o4\Corporate - o4.m6\Infrastructure Shared Services - o4.m6.p61\","toolsOld","mxavhes0002.active.tan","CorporateCluster","2","2048","40",""
"rwqatest001.active.local","0.0.0.0 10.107.122.77","XADC NonProd","PoweredOn","Microsoft Windows XP Professional (32-bit)","v9","Outdoors - o1\Hunting and Fishing - o1.m2\ActiveWorks Outdoors - o1.m2.p148\","toolsOld","mxavhes0009.active.tan","CorporateCluster","4","4096","100",
"SdrsTest","","XADC NonProd","PoweredOn","CentOS 4/5/6/7 (64-bit)","v8","Sports - o6\Endurance - o6.m9\AW Endurance - o6.m9.p75\","toolsOld","mxavhes0001.active.tan","CorporateCluster","2","4096","40",
"security_Hold","10.107.123.222 fe80::250:56ff:fea6:7e1b","XADC NonProd","PoweredOn","CentOS 4/5/6/7 (64-bit)","v8","Corporate - o4\Corporate - o4.m6\Infrastructure Security Services - o4.m6.p157\","toolsOld","mxavhes0001.active.tan","CorporateCluster","2","7864","20",
"Security_Scanner","10.107.122.117 fe80::9f5:99c9:f5f3:3fa2 169.254.63.162","XADC NonProd","PoweredOn","Microsoft Windows Server 2008 R2 (64-bit)","v8","Corporate - o4\Corporate - o4.m6\Infrastructure Security Services - o4.m6.p157\","toolsOk","mxavhes0004.active.tan","CorporateCluster","4","4000","440.1",
"SHAAMQAADMIN01.dev.activenetwork","","XADC NonProd","PoweredOff","Microsoft Windows Server 2003 (32-bit)","v8","Sports - o6\Discovered virtual machine\","toolsNotRunning","mxavhes0001.active.tan","CorporateCluster","2","2048","130",
"SOI_test_VC_win2k8","","XADC NonProd","PoweredOn",,"v8","Corporate - o4\Corporate - o4.m6\SOI Infrastructure - o4.m6.p67\SOI test\","toolsNotInstalled","mxavhes0011.active.tan","CorporateCluster","4","4096","60",
"sol10x64","","XADC NonProd","PoweredOn","Oracle Solaris 10 (64-bit)","v8","Corporate - o4\Corporate - o4.m6\Unidentified Shared Services - o4.m6.p69\","toolsNotInstalled","mxavhes0004.active.tan","CorporateCluster","1","2048","10",
"TEL-Avayademo-1","192.11.13.6 10.107.122.161","XADC NonProd","PoweredOn","Red Hat Enterprise Linux 5 (32-bit)","v8","Corporate - o4\Corporate - o4.m6\IP Telephony - o4.m6.p63\","toolsOk","mxavhes0007.active.tan","CorporateCluster","2","8192","300",
"TEL-Avayademo-2","10.107.123.245 10.107.122.160","XADC NonProd","PoweredOn","Microsoft Windows Server 2003 Standard (64-bit)","v8","Corporate - o4\Corporate - o4.m6\IP Telephony - o4.m6.p63\","toolsOk","mxavhes0007.active.tan","CorporateCluster","2","4096","150",
"TenableAppliance-2.0.1","10.107.60.8","XADC NonProd","PoweredOn","Other 2.6.x Linux (64-bit)","v7","Corporate - o4\Corporate - o4.m6\Unidentified Shared Services - o4.m6.p69\","toolsOk","mxavhes0011.active.tan","CorporateCluster","1","1024","8.5",
"test-chef-01cn","","XADC NonProd","PoweredOn",,"v8","Corporate - o4\Platform Services - o4.m7\SCM Implementation - o4.m7.p108\Chef\","toolsNotInstalled","mxavhes0009.active.tan","CorporateCluster","4","8192","70",
"test-chef-02cn","10.107.122.28 fe80::250:56ff:fe94:6ad6","XADC NonProd","PoweredOn","CentOS 4/5/6/7 (64-bit)","v8","Corporate - o4\Platform Services - o4.m7\SCM Implementation - o4.m7.p108\Chef\","toolsOld","mxavhes0011.active.tan","CorporateCluster","4","4096","70",
"test-chef-03cn","10.107.122.30","XADC NonProd","PoweredOn","Microsoft Windows Server 2012 (64-bit)","v8","Corporate - o4\Platform Services - o4.m7\SCM Implementation - o4.m7.p108\Chef\","toolsOk","mxavhes0011.active.tan","CorporateCluster","4","4096","40",
"TestLink","10.107.100.23 fe80::250:56ff:fe86:f2f","XADC NonProd","PoweredOn","CentOS 4/5/6/7 (64-bit)","v8","Corporate - o4\Platform Services - o4.m7\QA Testing - o4.m7.p167\","toolsOld","mxavhes0011.active.tan","CorporateCluster","2","1984","16",
"Thriva LAMP","10.107.100.111 fe80::250:56ff:fea8:86e9","XADC NonProd","PoweredOn","Ubuntu Linux (64-bit)","v8","Communities - o2\Community - o2.m4\Thriva - o2.m4.p41\","toolsOld","mxavhes0005.active.tan","CorporateCluster","2","1988","250",
"Thriva LAMP2","10.107.100.112 fe80::250:56ff:fea8:86e8","XADC NonProd","PoweredOn","Ubuntu Linux (32-bit)","v8","Communities - o2\Community - o2.m4\Thriva - o2.m4.p41\","toolsOk","mxavhes0004.active.tan","CorporateCluster","2","1988","250",
"USTAser01","10.107.123.89","XADC NonProd","PoweredOn","Microsoft Windows 7 (64-bit)","v8","Sports - o6\Team Sports - o6.m21\USTA (ITA) - o6.m21.p143\","toolsOld","mxavhes0008.active.tan","CorporateCluster","2","4096","60",""
"VI Management","10.107.122.134","XADC NonProd","PoweredOn","Microsoft Windows 7 (64-bit)","v8","Corporate - o4\Corporate - o4.m6\Infrastructure Shared Services - o4.m6.p61\","toolsOld","mxavhes0011.active.tan","CorporateCluster","2","2048","50",
"VmwareConverter_win7","10.107.120.100 fe80::cd90:a93:5450:9350 fe80::1cd7:adb4:af6f:618b 10.107.100.25 fe80::48ec:226:1610:2a59 10.107.122.253","XADC NonProd","PoweredOn","Microsoft Windows 7 (64-bit)","v8","Corporate - o4\Corporate - o4.m6\Infrastructure Shared Services - o4.m6.p61\","toolsOld","mxavhes0008.active.tan","CorporateCluster","2","2048","50",""
"vSphere Management Assistant (vMA)","10.107.122.33 fe80::250:56ff:fe94:548f","XADC NonProd","PoweredOn","SUSE Linux Enterprise 11 (64-bit)","v7","Corporate - o4\Corporate - o4.m6\SOI Infrastructure - o4.m6.p67\","toolsOk","mxavhes0006.active.tan","CorporateCluster","1","600","3","The vSphere Management Assistant (vMA) allows administrators and developers to run scripts and agents to manage ESX/ESXi and vCenter Server systems."
"win2008-test","10.107.100.199","XADC NonProd","PoweredOn","Microsoft Windows Server 2008 R2 (64-bit)","v8","Corporate - o4\Corporate - o4.m6\SOI Infrastructure - o4.m6.p67\SOI test\","toolsOk","mxavhes0011.active.tan","CorporateCluster","4","4000","120","do not delete or shutdown"
"win2012-antest-org","10.107.122.157 fe80::fccf:d18a:d498:edf1","XADC NonProd","PoweredOff","Microsoft Windows Server 2012 (64-bit)","v9","Communities - o2\Community - o2.m4\ActiveNet - o2.m4.p32\ActiveNet ACM\","toolsNotRunning","mxavhes0008.active.tan","CorporateCluster","1","768","40",""
"win2012r2-antest-chef","169.254.59.51 fe80::1404:d91b:f8e:3b33 10.107.122.156","XADC NonProd","PoweredOff","Microsoft Windows Server 2012 (64-bit)","v9","Communities - o2\Community - o2.m4\ActiveNet - o2.m4.p32\ActiveNet ACM\","toolsNotRunning","mxavhes0011.active.tan","CorporateCluster","1","768","40",
"win7broswertest","10.107.122.66","XADC NonProd","PoweredOn","Microsoft Windows 7 (64-bit)","v8","Sports - o6\Discovered virtual machine\","toolsOld","mxavhes0008.active.tan","CorporateCluster","2","2048","50",""
"WIN8x64_test","10.107.122.64","XADC NonProd","PoweredOn","Microsoft Windows 7 (64-bit)","v8","Corporate - o4\Corporate - o4.m6\SOI Infrastructure - o4.m6.p67\SOI test\","toolsOld","mxavhes0005.active.tan","CorporateCluster","1","2048","40",
"Win8x86_Camps","10.107.122.123 fe80::4541:4017:3fb5:827c","XADC NonProd","PoweredOn","Microsoft Windows 7 (32-bit)","v8","Outdoors - o1\Campgrounds - o1.m1\Campground Utility Layer - o1.m1.p173\","toolsOld","mxavhes0010.active.tan","CorporateCluster","4","2008","40",""
"WIN-AWOXAQA01","10.107.122.80 fe80::88d3:8228:bfaf:f926 169.254.249.38 fe80::e0bd:bdd8:5e6d:d54","XADC NonProd","PoweredOn","Microsoft Windows 7 (32-bit)","v8","Outdoors - o1\Campgrounds - o1.m1\AWO - o1.m1.p1\","toolsOld","mxavhes0003.active.tan","CorporateCluster","2","2048","40","Owern:vivian zhang
Usage:QA "
"WIN-GMSLME5JEDM","10.107.122.62 fe80::9835:85f5:65ba:a99c 169.254.169.156","XADC NonProd","PoweredOn","Microsoft Windows 7 (32-bit)","v8","Outdoors - o1\Campgrounds - o1.m1\AWO - o1.m1.p1\","toolsOld","mxavhes0011.active.tan","CorporateCluster","2","2048","40","Owern:vivian zhang
Usage:QA "
"WSDEVCNAN01","10.107.100.34","XADC NonProd","PoweredOff","Microsoft Windows Server 2008 (64-bit)","v8","Corporate - o4\Corporate - o4.m6\SOI Infrastructure - o4.m6.p67\2BDeleted\","toolsNotRunning","mxavhes0011.active.tan","CorporateCluster","2","2048","50",
"WSRSACN01","10.107.100.29","XADC NonProd","PoweredOn","Microsoft Windows Server 2008 R2 (64-bit)","v7","Corporate - o4\Corporate - o4.m6\Infrastructure Security Services - o4.m6.p157\","toolsOld","mxavhes0009.active.tan","CorporateCluster","8","8012","120",
"WSSEPCN01","10.107.100.60","XADC NonProd","PoweredOn","Microsoft Windows Server 2008 R2 (64-bit)","v7","Corporate - o4\Corporate - o4.m6\Anti-Virus (Desktop) - o4.m6.p51\","toolsOk","mxavhes0001.active.tan","CorporateCluster","4","4032","130",""
"WSUS","10.107.100.44","XADC NonProd","PoweredOn","Microsoft Windows Server 2008 R2 (64-bit)","v8","Corporate - o4\Corporate - o4.m6\Infrastructure Shared Services - o4.m6.p61\","toolsOld","mxavhes0004.active.tan","CorporateCluster","4","4096","240",
"WV00000007","10.107.100.103","XADC NonProd","PoweredOn","Microsoft Windows 7 (64-bit)","v8","Outdoors - o1\Hunting and Fishing - o1.m2\ActiveWorks Outdoors - o1.m2.p148\","toolsOld","mxavhes0005.active.tan","CorporateCluster","2","2048","50",
"WV00060023","10.107.122.108","XADC NonProd","PoweredOn","Microsoft Windows 7 (64-bit)","v8","Outdoors - o1\Hunting and Fishing - o1.m2\ActiveWorks Outdoors - o1.m2.p148\","toolsOld","mxavhes0008.active.tan","CorporateCluster","2","2048","50",""
"wv00060024","10.107.122.109 fe80::8dd7:4812:a785:3ae1 169.254.58.225","XADC NonProd","PoweredOn","Microsoft Windows 7 (32-bit)","v8","Outdoors - o1\Hunting and Fishing - o1.m2\ActiveWorks Outdoors - o1.m2.p148\","toolsOld","mxavhes0006.active.tan","CorporateCluster","4","2008","40",""
"wv00060025","","XADC NonProd","PoweredOn",,"v8","Outdoors - o1\Hunting and Fishing - o1.m2\ActiveWorks Outdoors - o1.m2.p148\","toolsNotInstalled","mxavhes0009.active.tan","CorporateCluster","2","2060","15",
"WV00070001-FNDWin7X86#","10.107.100.35","XADC NonProd","PoweredOn","Microsoft Windows 7 (32-bit)","v8","Outdoors - o1\Hunting and Fishing - o1.m2\ActiveWorks Outdoors - o1.m2.p148\","toolsOld","mxavhes0010.active.tan","CorporateCluster","1","1024","24","FND 32bit Win7 Test Machine"
"WV00070002-FNDWin7x64","10.107.100.36","XADC NonProd","PoweredOn","Microsoft Windows 7 (64-bit)","v8","Outdoors - o1\Hunting and Fishing - o1.m2\ActiveWorks Outdoors - o1.m2.p148\","toolsOld","mxavhes0009.active.tan","CorporateCluster","1","1024","32","FND 64bit Win7 Test Machine"
"WV00070002-FNDWinXPx64","10.107.100.37","XADC NonProd","PoweredOn","Microsoft Windows XP Professional (64-bit)","v8","Outdoors - o1\Hunting and Fishing - o1.m2\ActiveWorks Outdoors - o1.m2.p148\","toolsOld","mxavhes0011.active.tan","CorporateCluster","1","1024","17",
"WV00070004-LOVista","10.107.100.38","XADC NonProd","PoweredOn","Microsoft Windows Vista (32-bit)","v8","Sports - o6\Team Sports - o6.m21\League One - o6.m21.p137\","toolsOld","mxavhes0008.active.tan","CorporateCluster","2","2040","25","Vista 32bit Test Machine"
"WV00070010_Financial","10.107.100.61","XADC NonProd","PoweredOn","Microsoft Windows 7 (64-bit)","v8","Corporate - o4\Corporate - o4.m6\HR Systems - o4.m6.p158\","toolsOk","mxavhes0003.active.tan","CorporateCluster","2","2048","40",
"WV00070011_Financial","10.107.100.62","XADC NonProd","PoweredOn","Microsoft Windows 7 (64-bit)","v8","Corporate - o4\Corporate - o4.m6\HR Systems - o4.m6.p158\","toolsOk","mxavhes0004.active.tan","CorporateCluster","2","2048","40",
"WV00070012_decommission","","XADC NonProd","PoweredOff","Microsoft Windows 7 (64-bit)","v8","Business Solutions - o7\SMB Events - o7.m19\RegOnline 2.0 - o7.m19.p116\","toolsNotRunning","mxavhes0008.active.tan","CorporateCluster","2","2048","50",""
"WV00070013_decommission","","XADC NonProd","PoweredOff","Microsoft Windows 7 (64-bit)","v8","Business Solutions - o7\SMB Events - o7.m19\RegOnline 2.0 - o7.m19.p116\","toolsNotRunning","mxavhes0008.active.tan","CorporateCluster","2","2048","50",""
"WV00070014_decommission","","XADC NonProd","PoweredOff","Microsoft Windows 7 (64-bit)","v8","Business Solutions - o7\SMB Events - o7.m19\RegOnline 2.0 - o7.m19.p116\","toolsNotRunning","mxavhes0001.active.tan","CorporateCluster","2","2048","50",
"WV00070015","10.107.100.170","XADC NonProd","PoweredOn","Microsoft Windows Server 2008 R2 (64-bit)","v9","Outdoors - o1\Hunting and Fishing - o1.m2\dotNet - o1.m2.p151\","toolsOld","mxavhes0010.active.tan","CorporateCluster","2","4000","100",""
"WV00070015_decommission","","XADC NonProd","PoweredOff","Microsoft Windows 7 (64-bit)","v8","Business Solutions - o7\SMB Events - o7.m19\RegOnline 2.0 - o7.m19.p116\","toolsNotRunning","mxavhes0008.active.tan","CorporateCluster","2","2048","50",""
"WV00070020","10.107.100.74","XADC NonProd","PoweredOn","Microsoft Windows XP Professional (32-bit)","v8","Corporate - o4\Corporate - o4.m6\SOI Infrastructure - o4.m6.p67\2BDeleted\","toolsOld","mxavhes0009.active.tan","CorporateCluster","2","2040","25","10.107.100.74 32bit WinXP"
"WV00070025","10.107.100.79","XADC NonProd","PoweredOn","Microsoft Windows XP Professional (32-bit)","v8","Incubator - o5\Golf - o5.m12\Golf - OpenCourse - o5.m12.p86\","toolsOld","mxavhes0002.active.tan","CorporateCluster","1","1008","15",
"WV00070026","10.107.100.80","XADC NonProd","PoweredOn","Microsoft Windows Server 2003 Standard (32-bit)","v8","Incubator - o5\Golf - o5.m12\Golf - OpenCourse - o5.m12.p86\","toolsOld","mxavhes0004.active.tan","CorporateCluster","1","1024","20",
"WV00070027_Golf2K8","10.107.100.82","XADC NonProd","PoweredOn","Microsoft Windows Server 2008 (32-bit)","v8","Incubator - o5\Golf - o5.m12\Golf - OpenCourse - o5.m12.p86\","toolsOld","mxavhes0002.active.tan","CorporateCluster","2","3160","80.02",
"WV00070028","10.107.100.83","XADC NonProd","PoweredOn","Microsoft Windows 7 (32-bit)","v8","Incubator - o5\Golf - o5.m12\Golf - OpenCourse - o5.m12.p86\","toolsOld","mxavhes0004.active.tan","CorporateCluster","1","1024","24","Golf 32bit Win7 Test Machine"
"WV00070029","","XADC NonProd","PoweredOff",,"v8","Corporate - o4\Corporate - o4.m6\SOI Infrastructure - o4.m6.p67\2BDeleted\","toolsNotRunning","mxavhes0006.active.tan","CorporateCluster","1","1024","20","10.107.100.85 32bit Win2003"
"WV00070030","10.107.100.86","XADC NonProd","PoweredOn","Microsoft Windows Server 2003 Standard (32-bit)","v8","Incubator - o5\Golf - o5.m12\Golf - OpenCourse - o5.m12.p86\","toolsOld","mxavhes0005.active.tan","CorporateCluster","1","1024","50","10.107.100.86 32bit Win2003"
"WV00070031","10.107.100.87","XADC NonProd","PoweredOn","Microsoft Windows Server 2003 Standard (32-bit)","v8","Incubator - o5\Golf - o5.m12\Golf - OpenCourse - o5.m12.p86\","toolsOld","mxavhes0003.active.tan","CorporateCluster","1","1024","20","10.107.100.87 32bit Win2003"
"WV00070032-LOWin7X86","10.107.100.72","XADC NonProd","PoweredOn","Microsoft Windows 7 (32-bit)","v8","Sports - o6\Team Sports - o6.m21\League One - o6.m21.p137\","toolsOld","mxavhes0005.active.tan","CorporateCluster","1","1024","24","LO 32bit Win7 Test Machine"
"WV00070033_XPx64","10.107.100.88","XADC NonProd","PoweredOn","Microsoft Windows XP Professional (64-bit)","v8","Incubator - o5\Golf - o5.m12\Golf - OpenCourse - o5.m12.p86\","toolsOld","mxavhes0005.active.tan","CorporateCluster","1","504","15",
"WV00070034_Golf W2K3 x64","10.107.100.89","XADC NonProd","PoweredOn","Microsoft Windows Server 2003 Standard (64-bit)","v8","Incubator - o5\Golf - o5.m12\Golf - OpenCourse - o5.m12.p86\","toolsOld","mxavhes0007.active.tan","CorporateCluster","1","1024","20","Tina Lv"
"WV00070035_Golf Win7 x64","10.107.100.92","XADC NonProd","PoweredOn","Microsoft Windows 7 (64-bit)","v8","Incubator - o5\Golf - o5.m12\Golf - OpenCourse - o5.m12.p86\","toolsOld","mxavhes0007.active.tan","CorporateCluster","1","1460","30",
"WV00070036","10.107.100.91","XADC NonProd","PoweredOn","Microsoft Windows Server 2008 (64-bit)","v8","Incubator - o5\Golf - o5.m12\Golf - OpenBook - o5.m12.p85\","toolsOld","mxavhes0001.active.tan","CorporateCluster","2","4096","30","Tina Lv"
"WV00070037_NetFlow","10.107.100.93","XADC NonProd","PoweredOn","Microsoft Windows Server 2003 Standard (32-bit)","v8","Incubator - o5\Golf - o5.m12\Golf - OpenCourse - o5.m12.p86\","toolsOld","mxavhes0003.active.tan","CorporateCluster","1","1024","20","WV00070037
10.107.100.93"
"WV00070038_","10.107.100.94","XADC NonProd","PoweredOn","Microsoft Windows Server 2008 (64-bit)","v8","Incubator - o5\Golf - o5.m12\Golf - OpenCourse - o5.m12.p86\","toolsOld","mxavhes0009.active.tan","CorporateCluster","1","1024","30","10.107.100.94 64bit Win2008"
"WV00070039","10.107.100.95","XADC NonProd","PoweredOn","Microsoft Windows Server 2008 R2 (64-bit)","v8","Incubator - o5\Golf - o5.m12\Golf - OpenCourse - o5.m12.p86\","toolsOld","mxavhes0011.active.tan","CorporateCluster","1","1024","40","10.107.100.95 64bit win2008 R2"
"WV00070045_Class2k3","10.107.100.108","XADC NonProd","PoweredOn","Microsoft Windows Server 2003 Standard (32-bit)","v8","Communities - o2\Community - o2.m4\Class Environments - o2.m4.p35\Class\","toolsOld","mxavhes0011.active.tan","CorporateCluster","2","3012","300",""
"WV00070046_Golf 2k3","0.0.0.0","XADC NonProd","PoweredOff","Microsoft Windows Server 2003 Standard (32-bit)","v8","Incubator - o5\Golf - o5.m12\Golf - OpenCourse - o5.m12.p86\","toolsNotRunning","mxavhes0010.active.tan","CorporateCluster","2","2940","20",""
"WV00070073_ActiveNet","10.107.100.40","XADC NonProd","PoweredOn","Microsoft Windows 7 (64-bit)","v8","Corporate - o4\Corporate - o4.m6\Activenetwork.com - o4.m6.p49\","toolsOld","mxavhes0009.active.tan","CorporateCluster","2","2048","40",
"WV00070074","10.107.100.160 fe80::e5c5:8d16:fff2:139c 169.254.19.156","XADC NonProd","PoweredOn","Microsoft Windows Server 2008 (64-bit)","v8","Incubator - o5\Golf - o5.m12\Golf - OpenCourse - o5.m12.p86\","toolsOld","mxavhes0008.active.tan","CorporateCluster","2","4096","30","Tina Lv"
"WV00070075","10.107.100.27","XADC NonProd","PoweredOn","Microsoft Windows 7 (64-bit)","v8","Corporate - o4\Corporate - o4.m6\Unidentified Shared Services - o4.m6.p69\Mobile\","toolsOld","mxavhes0010.active.tan","CorporateCluster","2","4096","100","Owner: MRI Jim Zhang"
"xa_dev_fee","10.107.122.168 fe80::250:56ff:fe94:6d69","XADC NonProd","PoweredOn","CentOS 4/5/6/7 (64-bit)","v8","Corporate - o4\Corporate - o4.m6\Unidentified Shared Services - o4.m6.p69\","toolsOk","mxavhes0009.active.tan","CorporateCluster","2","4096","40",
"xadev-fbi","10.107.122.18 fe80::250:56ff:fe94:2a21","XADC NonProd","PoweredOn","CentOS 4/5/6/7 (64-bit)","v8","Corporate - o4\Corporate - o4.m6\SOI Infrastructure - o4.m6.p67\2BDeleted\","toolsOk","mxavhes0004.active.tan","CorporateCluster","4","8192","60",
"xaloglx0001.active.tan","10.107.122.70 fe80::250:56ff:fe94:27de","XADC NonProd","PoweredOn","Linux 3.11.10-17-default openSUSE 13.1 (x86_64)
VERSION = 13.1
CODENAME = Bottle
# /etc/SuSE-release is deprecated and will be removed in the future, use /etc/os-release instead","v9","Corporate - o4\Corporate - o4.m6\SOI Infrastructure - o4.m6.p67\","toolsOk","mxavhes0011.active.tan","CorporateCluster","1","8192","120",
"xalogtest01","","XADC NonProd","PoweredOn",,"v8","Corporate - o4\Corporate - o4.m6\Log Infrastructure - o4.m6.p64\","toolsNotInstalled","mxavhes0002.active.tan","CorporateCluster","4","4096","100",
"xalogtest02","10.107.122.39 fe80::250:56ff:fe94:441c","XADC NonProd","PoweredOn","Ubuntu Linux (64-bit)","v8","Corporate - o4\Corporate - o4.m6\Log Infrastructure - o4.m6.p64\","toolsOld","mxavhes0005.active.tan","CorporateCluster","2","2048","16",
"xalogtest04","","XADC NonProd","PoweredOn",,"v8","Corporate - o4\Corporate - o4.m6\Log Infrastructure - o4.m6.p64\","toolsNotInstalled","mxavhes0004.active.tan","CorporateCluster","1","2048","40",
"xalogtest05","","XADC NonProd","PoweredOn",,"v8","Corporate - o4\Corporate - o4.m6\Log Infrastructure - o4.m6.p64\","toolsNotInstalled","mxavhes0008.active.tan","CorporateCluster","4","4096","80",""
"XAVCDB01N1.active.tan","10.107.100.51","XADC NonProd","PoweredOn","Microsoft Windows Server 2008 R2 (64-bit)","v8","Corporate - o4\Corporate - o4.m6\SOI Infrastructure - o4.m6.p67\","toolsOld","mxavhes0006.active.tan","CorporateCluster","4","4000","120",""
"xavctest0001","10.107.122.51","XADC NonProd","PoweredOn","Microsoft Windows Server 2008 R2 (64-bit)","v8","Corporate - o4\Corporate - o4.m6\SOI Infrastructure - o4.m6.p67\SOI test\","toolsOld","mxavhes0001.active.tan","CorporateCluster","8","8012","200",
"NOC CMDBuild","","XADC NonProd","PoweredOff",,"v7","Sports - o6\Discovered virtual machine\","toolsNotRunning","10.110.100.226","OfficeDesktop","2","2996","30",
"Win2k8R2","10.110.100.183 fe80::8438:3833:89af:973e","XADC NonProd","PoweredOn","Microsoft Windows Server 2008 R2 (64-bit)","v9","Corporate - o4\Platform Services - o4.m7\AW Platform - o4.m7.p159\Tools\","toolsOk","10.110.100.226","OfficeDesktop","4","8192","120",
"WSDBCNIT01","","XADC NonProd","PoweredOff",,"v7","Sports - o6\Discovered virtual machine\","toolsNotRunning","10.110.100.226","OfficeDesktop","4","5664","40",
"wsmultis17.active.local","10.110.100.227 fe80::b5ab:c542:98ea:8bbb","XADC NonProd","PoweredOn","Microsoft Windows Server 2012 (64-bit)","v8","Corporate - o4\Corporate - o4.m6\Network Infrastructure Services - o4.m6.p65\","toolsOk","10.110.100.226","OfficeDesktop","4","4096","60",
"WSVCCNIT01","","XADC NonProd","PoweredOff",,"v7","Sports - o6\Discovered virtual machine\","toolsNotRunning","10.110.100.226","OfficeDesktop","4","4232","80",
"WV00070005_BMS","","XADC NonProd","PoweredOff",,"v7","Sports - o6\Discovered virtual machine\","toolsNotRunning","10.110.100.226","OfficeDesktop","4","3160","15","Budget System"
"XA SCCM Server","10.107.100.59","XADC NonProd","PoweredOff","Microsoft Windows Server 2008 R2 (64-bit)","v7","Sports - o6\Discovered virtual machine\","toolsNotRunning","10.110.100.226","OfficeDesktop","2","2048","100",
"acl1003.dev.activenetwork.com","","XADC NonProd","PoweredOn",,"v8","Corporate - o4\Platform Services - o4.m7\QA Testing - o4.m7.p167\","toolsNotInstalled","mxavhes0012.active.tan","StarCiteCluser","1","2048","40",""
"acl1004.dev.activenetwork.com","","XADC NonProd","PoweredOn",,"v8","Corporate - o4\Platform Services - o4.m7\QA Testing - o4.m7.p167\","toolsNotInstalled","mxavhes0012.active.tan","StarCiteCluser","1","2048","40",""
"ACLUSER01","10.107.122.132 fe80::3868:9d1e:1f1e:9827","XADC NonProd","PoweredOn","Microsoft Windows 7 (32-bit)","v8","Corporate - o4\Platform Services - o4.m7\QA Testing - o4.m7.p167\","toolsOk","mxavhes0012.active.tan","StarCiteCluser","2","8192","80",""
"ACLUSER02","10.107.122.45 fe80::6d1b:98eb:26cf:131","XADC NonProd","PoweredOn","Microsoft Windows 7 (64-bit)","v8","Corporate - o4\Platform Services - o4.m7\QA Testing - o4.m7.p167\","toolsOk","mxavhes0012.active.tan","StarCiteCluser","2","8192","50",""
"Analytics VM","10.107.122.25 fe80::250:56ff:fe94:2641","XADC NonProd","PoweredOn","SUSE Linux Enterprise 11 (64-bit)","v7","\","toolsOk","mxavhes0012.active.tan","StarCiteCluser","2","9216","212","VMware vCenter Operations Manager 5.7.2"
"AW2k8DB","10.107.122.128 fe80::dd0:1724:85be:d77b 169.254.215.123","XADC NonProd","PoweredOn","Microsoft Windows Server 2008 R2 (64-bit)","v8","Outdoors - o1\Hunting and Fishing - o1.m2\ActiveWorks Outdoors - o1.m2.p148\","toolsOld","mxavhes0012.active.tan","StarCiteCluser","4","4000","120",""
"BlueBeartest","10.107.123.178 fe80::cc28:573a:eb2e:6c06","XADC NonProd","PoweredOn","Microsoft Windows Server 2012 (64-bit)","v9","Incubator - o5\Educate K-12 - o5.m8\BlueBear Webstore - o5.m8.p74\","toolsOld","mxavhes0012.active.tan","StarCiteCluser","2","4096","60",""
"cqm_AS-01xa","","XADC NonProd","PoweredOn",,"v8","Corporate - o4\Platform Services - o4.m7\A3 Asset Service - o4.m7.p154\","toolsNotInstalled","mxavhes0012.active.tan","StarCiteCluser","2","4096","40",""
"cqm_AS-02xa","","XADC NonProd","PoweredOn",,"v8","Corporate - o4\Platform Services - o4.m7\A3 Asset Service - o4.m7.p154\","toolsNotInstalled","mxavhes0012.active.tan","StarCiteCluser","2","4096","40",""
"Golf-Coldfusion","10.107.122.107 fe80::acec:7445:6596:cb77 169.254.203.119","XADC NonProd","PoweredOn","Microsoft Windows 7 (64-bit)","v8","Incubator - o5\Golf - o5.m12\Golf - OpenCourse - o5.m12.p86\","toolsOld","mxavhes0012.active.tan","StarCiteCluser","2","3972","50","This vm is eteam_dev2"
"GolfOC01","10.107.122.135","XADC NonProd","PoweredOn","Microsoft Windows Server 2008 R2 (64-bit)","v8","Incubator - o5\Golf - o5.m12\Golf - OpenCourse - o5.m12.p86\","toolsOld","mxavhes0012.active.tan","StarCiteCluser","4","4000","420",""
"GolfOC02","10.107.122.136","XADC NonProd","PoweredOn","Microsoft Windows Server 2008 R2 (64-bit)","v8","Incubator - o5\Golf - o5.m12\Golf - OpenCourse - o5.m12.p86\","toolsOld","mxavhes0012.active.tan","StarCiteCluser","4","4000","120",""
"int-viewmobile-memcached-01","10.107.123.44 fe80::250:56ff:fe86:1ca8","XADC NonProd","PoweredOn","Debian GNU/Linux 6 (64-bit)","v8","Corporate - o4\Corporate - o4.m6\Unidentified Shared Services - o4.m6.p69\MobileView\","toolsOld","mxavhes0012.active.tan","StarCiteCluser","2","4096","16",""
"opsrpt-01","10.107.122.86 fe80::250:56ff:fe94:6e64","XADC NonProd","PoweredOn","Ubuntu Linux (64-bit)","v8","Corporate - o4\Corporate - o4.m6\Unidentified Shared Services - o4.m6.p69\","toolsOld","mxavhes0012.active.tan","StarCiteCluser","4","2048","40",""
"qatool","","XADC NonProd","PoweredOn",,"v8","Corporate - o4\Platform Services - o4.m7\QA Testing - o4.m7.p167\","toolsNotInstalled","mxavhes0012.active.tan","StarCiteCluser","2","4096","40",""
"scrumworkscn.dev.activenetwork.com","","XADC NonProd","PoweredOn",,"v8","Corporate - o4\Corporate - o4.m6\SOI Infrastructure - o4.m6.p67\","toolsNotInstalled","mxavhes0012.active.tan","StarCiteCluser","2","4096","80",""
"shaamqatemp","10.107.122.130","XADC NonProd","PoweredOn","Microsoft Windows Server 2008 R2 (64-bit)","v8","Corporate - o4\Corporate - o4.m6\Unidentified Shared Services - o4.m6.p69\","toolsOld","mxavhes0012.active.tan","StarCiteCluser","4","7864","40",""
"SOIInventoryDashboardDev01","10.107.123.30","XADC NonProd","PoweredOn","Microsoft Windows 7 (64-bit)","v8","Corporate - o4\Corporate - o4.m6\SOI Infrastructure - o4.m6.p67\","toolsOk","mxavhes0012.active.tan","StarCiteCluser","2","8192","100",""
"UI VM","10.107.122.24 fe80::250:56ff:fe94:2b70","XADC NonProd","PoweredOn","SUSE Linux Enterprise 11 (64-bit)","v7","\","toolsOk","mxavhes0012.active.tan","StarCiteCluser","2","7168","152","VMware vCenter Operations Manager 5.7.2"
"weeklyreport-01","10.107.122.87","XADC NonProd","PoweredOn","Microsoft Windows Server 2012 (64-bit)","v8","Corporate - o4\Corporate - o4.m6\SOI Infrastructure - o4.m6.p67\","toolsOld","mxavhes0012.active.tan","StarCiteCluser","4","8192","120",""
"WSDBAG01","10.107.100.32 fe80::e00c:db0c:3e97:6d27 169.254.109.39","XADC NonProd","PoweredOn","Microsoft Windows Server 2008 (64-bit)","v8","Incubator - o5\Golf - o5.m12\Golf - OpenCourse - o5.m12.p86\","toolsOld","mxavhes0012.active.tan","StarCiteCluser","4","3012","100",""
"WSSCCMCN01.active.local","10.107.100.132 fe80::6d33:1853:f2d7:1c87","XADC NonProd","PoweredOn","Microsoft Windows Server 2012 (64-bit)","v8","Corporate - o4\Corporate - o4.m6\Windows Patching (Desktop) - o4.m6.p71\","toolsOk","mxavhes0012.active.tan","StarCiteCluser","8","16384","180",""
"xalogtest03","192.168.56.1 fe80::b1c3:328c:232f:779c 10.107.122.29 fe80::a1ee:2737:1939:550","XADC NonProd","PoweredOn","Microsoft Windows 8 (32-bit)","v9","Corporate - o4\Corporate - o4.m6\Log Infrastructure - o4.m6.p64\","toolsOld","mxavhes0012.active.tan","StarCiteCluser","4","2008","60",""
